corrected.NameF,corrected.NameR,TS.SequenceF,TS.SequenceR
Coleop_16Sc_68_F,Coleop_16Sd_68_R,TGCAAAGGTAGCATAATMATTAG,TCCATAGGGTCTTCTCGTC
Hadz_566_6_F,Mach2Gen_7_R,CAGCAGCCGCGGTAATTCC,TCCGTCAATTTCTTTAAGTTTCAG
NdmlCOIlintF_1_72_F,dgHCO2198_72_R,GGAACAGGATGAACTGTTTACCCTCC,TAAACTTCAGGGTGACCAAARAAYCA
515F_99_F,R1073_103_R,GTGCCAGCMGCCGCGGTAA,ACGAGCTGACGACARCCATG
ArF5_105_F,ArR5_105_R,GCNCCNGAYATRKCNTTYCCNCG,CCNGTNYTNGCNGGNGCNATYAC
MarkN_10_F,Proti440R_28_R,GCTTGTCTCAAAGATTAAGCCN,CAGGCYCSCTCTCCGGA
Gen_600_7_F,Hadz_1200_5_R,GCCGCGGTAATTCCAGCT,CCCGTGTTGAGTCAAATTAAGC
L2513_64_F,H2714_64_R,GCCTGTTTACCAAAAACATCAC,CTCCATAGGGTCTTCTCGTCTT
27M_F_98_F,CCR_98_R,AGRGTTTGATCMTGGCTCAG,GCTGCCTCCCGTAGGAGTCTGG
Gen_600_7_F,Mach2Gen_7_R,GCCGCGGTAATTCCAGCT,TCCGTCAATTTCTTTAAGTTTCAG
MarkN_10_F,Euk360_CR_21_R,GCTTGTCTCAAAGATTAAGCCN,TCTCAKGCKCCYTCTCCG
Mach1_9_F,Mach2Gen_7_R,TGGTGCCAGCAGCCGC,TCCGTCAATTTCTTTAAGTTTCAG
Proti643_31_F,Proti1580R_32_R,CCGCGGTAATTCCAGCTC,TKGTGGTRCCMYTCCGTCAA
NLF184cw_74_F,NL818cw_74_R,TACCCGCTGAAYTTAAGCATAT,AGACTCCTTGGTCCRTGT
12S_F_Long_108_F,12S_R_Long_108_R,ATAAATAAGTAAAATTTGGC,GTACCACCTCTAAATAATCTTC
LSU_Fwd_2_3Mod_55_F,LSU_Rev_4_54_R,ACAAGTACCDTRAGGGAAAGTT,GTTAGACTYCTTGGTCCGTG
Proti643_31_F,wang1141CR_14_R,CCGCGGTAATTCCAGCTC,GGTGCCCTTCCGTCAATTC
16S.1100.F16_100_F,1492R_100_R,CAACGAGCGCAACCCT,TACGGYTACCTTGTTAYGACTT
Nem_0425_6CR_14_F,EukB_MH_24_R,ATAACAGGTCTGTGATGCCCTT,TGATCCTTCTGCAGGTTCACC
D3A_5Mod_46_F,D3B_5Mod_46_R,CCGTCTTGAAACACGGA,CGGAAGGAACCAGCTACTA
16S_F_Ces_107_F,16S_R_Ces_107_R,CAATTAATTATGCTACCTT,CGTCTGTTTATYAAAAACATTTC
fwhF2_106_F,fwhR2n_106_R,GGDACWGGWTGAACWGTWTAYCCHCC,GTRATWGCHCCDGCTARWACWGG
Gen_600_7_F,Nem_0425_4_2_R,GCCGCGGTAATTCCAGCT,ARACATTCTTGGCAAATGCYTTC
JB3_109_F,JB4.5_109_R,TTTTTTGGGCATCCTGAGGTTTAT,TAAAGAAAGAACATAATGAAAATG
Proti15_25_F,Proti440R_28_R,TGCCAGTAGTCATATGCTTGTYT,CAGGCYCSCTCTCCGGA
Ave12F_91_F,Ave12R_92_R,AAGACAGGTCAAGGTATAGC,GAGGGTGACGGGCGGTATG
Proti628_30_F,wang1141CR_14_R,GTCTGGTGCCAGCASCC,GGTGCCCTTCCGTCAATTC
Prot1702_32_F,wang1624CR6S_16_R,YGGTGRTGCATGGCCGYT,GGGCGGTGTGTACAAAGG
18S9modF_88_F,18S637modR_89_R,ATCCTGCCAGTAGTCATATGCTTG,TACGCTWYTGGAGCTGGAGTTACCG
Hadz_566_6_F,Nem_0425_4_2_R,CAGCAGCCGCGGTAATTCC,ARACATTCTTGGCAAATGCYTTC
F1073_101_F,1492R_100_R,CATGGYTGTCGTCAGCTCGT,TACGGYTACCTTGTTAYGACTT
Ins16S_1shortF_70_F,Ins16S_1shortR_70_R,RGACGAGAAGACCCTATARA,ACGCTGTTATCCCTAARGTA
F52_69_F,R193_69_R,GTTGGATTCAAAGCTGGTGTTA,CVGTCCAMACAGTWGTCCATGT
Prot1702_32_F,EukB_MH_24_R,YGGTGRTGCATGGCCGYT,TGATCCTTCTGCAGGTTCACC
Proti1580_33_F,wang1624CR6S_16_R,TTGACGGARKGGYACCACMA,GGGCGGTGTGTACAAAGG
trnL(UAA)g_65_F,trnL(UAA)h_65_R,GGGCAATCCTGAGCCAA,CCATTGAGTCTCTGCACCTATC
ADM330_18_F,Klin0785_CR_19_R,ACTCCTACGGGAGGCAGC,GACTACHVGGGTATCTAATCC
16SA_L_110_F,16SB_H_110_R,CGCCTGTTTATCAAAAACAT,CCGGTCTGAACTCAGATCACGT
S2F_80_F,S3R_81_R,ATGCGATACTTGGTGTGAAT,GACGCTTCTCCAGACTACAAT
18S_0067a_deg_5Mod_52_F,NSR399_5Mod_52_R,GCCATGCATGYCTAAGTATMA,AGGCTCCYTCTCCGG
mlCOIintF_XT_104_F,JgHCO2198_104_R,GGWACWRGWTGRACWNTNTAYCCYCC,TANACYTCNGGRTGNCCRAARAAYCA
Prot1702_32_F,EukB_MV_25_R,YGGTGRTGCATGGCCGYT,TCCTTCTGCAGGTTCACCTAC
18S_0067a_deg_3Mod_53_F,NSR399_3Mod_53_R,AAGCCATGCATGYCTAAGTATM,TCTCAGGCTCCYTCTCC
Klin0341_19_F,Klin0785_CR_19_R,CCTACGGGNGGCWGCAG,GACTACHVGGGTATCTAATCC
wang1141_13_F,Nem_0425_6_3_R,GAATTGACGGAAGGGCACC,AAGGGCATCACAGACCTGTTAT
ZBJ_ArtF1c_67_F,ZBJ_ArtR2c_67_R,AGATATTGGAACWTTATATTTTATTTTTGG,WACTAATCAATTWCCAAATCCTCC
